"theta","se","time","method","n","truth"
38.5682185300472,0.502340210711952,0.903,"iid",1600,38.376428
38.4117546610638,0.604114772041184,0.539000000000001,"emm",1600,38.376428
39.2326500196779,0.502797119883449,0.862,"iid",1600,38.376428
39.6751555395537,0.5697688924514,0.435,"emm",1600,38.376428
38.554803117941,0.501931917832293,0.673999999999999,"iid",1600,38.376428
38.5846337043121,0.541838372772247,0.356,"emm",1600,38.376428
39.2351147205851,0.51714404483323,0.664999999999999,"iid",1600,38.376428
38.7908346891784,0.764379722241129,0.373000000000001,"emm",1600,38.376428
38.6348857643478,0.526751852686776,0.674000000000001,"iid",1600,38.376428
38.7009073563005,0.638481479201528,0.460000000000001,"emm",1600,38.376428
38.8640008379323,0.534732807267809,0.67,"iid",1600,38.376428
38.6366674303225,0.621644466753135,0.378,"emm",1600,38.376428
38.089034072312,0.511836460986374,0.664999999999999,"iid",1600,38.376428
38.5239289106208,0.582159399815519,0.35,"emm",1600,38.376428
38.562083335806,0.510357041237883,0.667999999999999,"iid",1600,38.376428
38.4365013625542,0.598247075389789,0.355999999999998,"emm",1600,38.376428
38.8920283478406,0.51769645128248,0.667999999999999,"iid",1600,38.376428
38.7736247055649,0.676735829696649,0.358000000000001,"emm",1600,38.376428
37.9446299693214,0.509814644030731,0.669,"iid",1600,38.376428
38.1688061547239,0.583268176472322,0.364999999999998,"emm",1600,38.376428
38.9988418332878,0.503778236297043,0.697999999999997,"iid",1600,38.376428
39.4554643794014,0.657088577928655,0.376000000000001,"emm",1600,38.376428
38.8963553503704,0.508318941878378,0.676000000000002,"iid",1600,38.376428
39.0363141441717,0.542012148156587,0.377000000000002,"emm",1600,38.376428
37.2818223349042,0.500236560655242,0.682000000000002,"iid",1600,38.376428
36.9281941592523,0.534256485226293,0.405000000000001,"emm",1600,38.376428
38.0731084280156,0.507842378620923,0.676000000000002,"iid",1600,38.376428
37.396674273981,0.733011950260341,0.373999999999999,"emm",1600,38.376428
37.9742728795651,0.494250757619236,0.678000000000001,"iid",1600,38.376428
38.0559240587204,0.612700775782274,0.381999999999998,"emm",1600,38.376428
39.2565471960157,0.507998754040178,0.683999999999997,"iid",1600,38.376428
39.3823077456004,0.551000508903007,0.385999999999999,"emm",1600,38.376428
38.049061678881,0.497160755041989,0.68,"iid",1600,38.376428
38.0028703559234,0.534210520464425,0.372000000000003,"emm",1600,38.376428
37.7761259609816,0.507207432377283,0.670999999999999,"iid",1600,38.376428
37.8431986769343,0.553407817007568,0.360999999999997,"emm",1600,38.376428
37.9122307980398,0.494588202092366,0.673000000000002,"iid",1600,38.376428
37.8941992823002,0.610571841557084,0.359999999999999,"emm",1600,38.376428
38.2518673626263,0.49903489536581,0.663,"iid",1600,38.376428
38.1980602118002,0.579287854438941,0.364999999999998,"emm",1600,38.376428
38.6148226882312,0.505901071439601,0.673999999999996,"iid",1600,38.376428
38.5601345827705,0.59339085290328,0.381999999999998,"emm",1600,38.376428
38.0032743661787,0.509600753826263,0.675000000000004,"iid",1600,38.376428
37.9945900248927,0.693644728272257,0.390000000000001,"emm",1600,38.376428
38.042870460469,0.501425606050965,0.681000000000004,"iid",1600,38.376428
38.1474436363945,0.532562526931567,0.379999999999995,"emm",1600,38.376428
38.4182379605673,0.513216887236963,0.685000000000002,"iid",1600,38.376428
38.5740504765453,0.602547521360937,0.365000000000002,"emm",1600,38.376428
38.4339201502059,0.508446781881762,0.68,"iid",1600,38.376428
37.7715728266316,0.676742844482109,0.378,"emm",1600,38.376428
39.0132990343132,0.515993024175718,0.678000000000004,"iid",1600,38.376428
38.6332056779799,0.607268142161456,0.356999999999999,"emm",1600,38.376428
36.876078686304,0.492027252584625,0.670999999999999,"iid",1600,38.376428
34.9696751540775,0.7910575582361,0.347000000000001,"emm",1600,38.376428
38.2640034529975,0.555586991502114,0.677999999999997,"iid",1600,38.376428
39.0465385076222,0.640664511024055,0.358000000000004,"emm",1600,38.376428
38.6708063218607,0.519485378468328,0.677,"iid",1600,38.376428
38.2958024655454,0.598243443226099,0.359000000000002,"emm",1600,38.376428
38.3254471667195,0.52707596765844,0.673999999999999,"iid",1600,38.376428
38.4913041834971,0.781778011714312,0.368000000000002,"emm",1600,38.376428
37.9023590079985,0.49520316366348,0.673999999999999,"iid",1600,38.376428
37.6305291851733,0.69101066159121,0.370999999999995,"emm",1600,38.376428
38.6152830988551,0.522334304599969,0.688000000000002,"iid",1600,38.376428
38.7761399770356,0.57432800561604,0.378999999999998,"emm",1600,38.376428
38.5059555133228,0.494396439109168,0.693000000000005,"iid",1600,38.376428
38.3141098424583,0.680935567369321,0.369999999999997,"emm",1600,38.376428
38.9658065544345,0.50698077321494,0.695,"iid",1600,38.376428
38.9367984728442,0.686841155919929,0.371000000000002,"emm",1600,38.376428
38.1341560566467,0.511867589402189,0.668999999999997,"iid",1600,38.376428
37.0772803072882,0.980512159837406,0.359000000000002,"emm",1600,38.376428
38.0100818811653,0.505339252942844,0.668999999999997,"iid",1600,38.376428
38.1447490149573,0.584820890744828,0.366,"emm",1600,38.376428
37.9711067828009,0.517439511953994,0.671999999999997,"iid",1600,38.376428
37.4038614984196,0.642312790642971,0.365000000000002,"emm",1600,38.376428
38.2833758722487,0.531961356370281,0.675999999999995,"iid",1600,38.376428
38.1861963111862,0.554354601740971,0.359000000000002,"emm",1600,38.376428
38.2545566416718,0.498952140906095,0.678999999999995,"iid",1600,38.376428
37.3210524130367,0.738823846582295,0.380000000000003,"emm",1600,38.376428
37.9874240745707,0.504553595521925,0.672000000000004,"iid",1600,38.376428
38.4144841046045,0.717802344041993,0.369999999999997,"emm",1600,38.376428
38.6876347937433,0.500420283579254,0.683999999999997,"iid",1600,38.376428
38.0921095042813,0.838816610751871,0.364000000000004,"emm",1600,38.376428
38.1520363524303,0.497010389469897,0.686,"iid",1600,38.376428
36.5643684139813,0.830467527856561,0.369999999999997,"emm",1600,38.376428
37.8764956463135,0.498629049301192,0.681999999999995,"iid",1600,38.376428
37.5275156051283,0.845110114559872,0.374000000000002,"emm",1600,38.376428
37.7147728386338,0.493160633724437,0.677,"iid",1600,38.376428
37.2010750612314,0.604257198634905,0.361000000000004,"emm",1600,38.376428
38.0923674002696,0.499276960755364,0.664999999999999,"iid",1600,38.376428
37.2269334116738,0.783756599144004,0.352999999999994,"emm",1600,38.376428
38.683770476844,0.512194202411663,0.678000000000004,"iid",1600,38.376428
37.3578929925641,0.749452230062316,0.357000000000006,"emm",1600,38.376428
37.8390319296584,0.509549527507739,0.668999999999997,"iid",1600,38.376428
37.1300240076837,0.742143648755475,0.361999999999995,"emm",1600,38.376428
38.9628460652303,0.499545841256825,0.671000000000006,"iid",1600,38.376428
38.4791855699867,0.701204173802337,0.370999999999995,"emm",1600,38.376428
38.8782096112581,0.510844921651366,0.684000000000012,"iid",1600,38.376428
38.9377356099659,0.565388207885696,0.405000000000001,"emm",1600,38.376428
38.7508193369429,0.512004697822476,0.688999999999993,"iid",1600,38.376428
38.3610771380161,0.566176189034618,0.373000000000005,"emm",1600,38.376428
38.7397958044068,0.505405692869488,0.689000000000007,"iid",1600,38.376428
38.8730239000957,0.606806632909713,0.37299999999999,"emm",1600,38.376428
38.8759068683972,0.522345634944493,0.678000000000011,"iid",1600,38.376428
38.9963623074508,0.565215356679005,0.367999999999995,"emm",1600,38.376428
38.4001809601249,0.511751611547104,0.679000000000002,"iid",1600,38.376428
38.1215838693617,0.743383251268856,0.35799999999999,"emm",1600,38.376428
38.0359590443327,0.506528064137692,0.664999999999992,"iid",1600,38.376428
37.0088622969358,0.871861915552855,0.363000000000014,"emm",1600,38.376428
39.068501351109,0.507908007586204,0.670999999999992,"iid",1600,38.376428
36.9270543431941,1.07556921627795,0.366,"emm",1600,38.376428
37.9207730234524,0.501774534538209,0.682000000000002,"iid",1600,38.376428
37.1134623274975,0.6881036661007,0.358000000000004,"emm",1600,38.376428
39.3928734995554,0.509534071669025,0.665999999999997,"iid",1600,38.376428
39.0111361977242,0.599636326236932,0.378,"emm",1600,38.376428
38.4576476220092,0.518863277880842,0.685999999999993,"iid",1600,38.376428
38.5379129342534,0.565149392694373,0.356999999999999,"emm",1600,38.376428
38.2791436350132,0.514433995780217,0.689000000000007,"iid",1600,38.376428
38.5378744747223,0.605148535318222,0.382000000000005,"emm",1600,38.376428
38.6592210876027,0.508694870923663,0.676999999999992,"iid",1600,38.376428
38.4560460729126,0.580971593537409,0.382000000000005,"emm",1600,38.376428
38.5120620938024,0.511755135154731,0.682999999999993,"iid",1600,38.376428
38.4442232444755,0.567155782376456,0.381,"emm",1600,38.376428
38.8977844853325,0.503194046697108,0.670999999999992,"iid",1600,38.376428
38.149837125436,0.58409042713643,0.362000000000009,"emm",1600,38.376428
38.3590003710887,0.49563392892727,0.662999999999997,"iid",1600,38.376428
37.5142921325704,0.591708202148924,0.358999999999995,"emm",1600,38.376428
37.6759682554069,0.507267384935985,0.670999999999992,"iid",1600,38.376428
37.9514727587514,0.54451838997934,0.366,"emm",1600,38.376428
38.4599933646586,0.508124432837726,0.676000000000002,"iid",1600,38.376428
38.1307605478951,0.543507180858933,0.368000000000009,"emm",1600,38.376428
37.6921555199954,0.507442959320255,0.670000000000002,"iid",1600,38.376428
37.3664147573232,0.710680495330698,0.381,"emm",1600,38.376428
38.1567299871675,0.498431004448694,0.680999999999997,"iid",1600,38.376428
38.2617545012637,0.592049404912117,0.363,"emm",1600,38.376428
38.773933098541,0.515993996052666,0.684000000000012,"iid",1600,38.376428
37.7348969052264,0.780417093667218,0.382999999999996,"emm",1600,38.376428
38.9044675781983,0.506586336670434,0.689999999999998,"iid",1600,38.376428
38.9830131592104,0.71711112773023,0.376999999999995,"emm",1600,38.376428
37.9714288830799,0.495293977839049,0.686999999999998,"iid",1600,38.376428
35.6812338769408,1.13929458379974,0.376999999999995,"emm",1600,38.376428
38.3699172414445,0.522609095348045,0.679000000000002,"iid",1600,38.376428
38.8615572233874,0.610811109251124,0.355000000000004,"emm",1600,38.376428
38.509289405505,0.501177401206115,0.670000000000002,"iid",1600,38.376428
37.8288134964835,0.631306110693164,0.361000000000004,"emm",1600,38.376428
38.077998020476,0.507503117509649,0.672999999999988,"iid",1600,38.376428
37.3609638607838,0.762517481050877,0.361999999999995,"emm",1600,38.376428
38.4221859125131,0.509516929176501,0.668000000000006,"iid",1600,38.376428
38.3749769343089,0.620654344578557,0.355000000000004,"emm",1600,38.376428
38.7806853168348,0.51155294102551,0.677000000000007,"iid",1600,38.376428
38.8890593361122,0.772403580879961,0.364000000000004,"emm",1600,38.376428
37.8856624245327,0.505599322615826,0.677000000000007,"iid",1600,38.376428
37.8109694944203,0.603775181048914,0.356999999999999,"emm",1600,38.376428
38.2886693299061,0.50621956959076,0.682000000000002,"iid",1600,38.376428
34.9549683000056,1.60685160251066,0.373999999999995,"emm",1600,38.376428
38.4273390654849,0.49611137228237,0.683000000000007,"iid",1600,38.376428
39.3416592042436,1.20325603809297,0.359999999999999,"emm",1600,38.376428
38.2884464384335,0.508773552027975,0.673000000000002,"iid",1600,38.376428
38.0637462401423,0.671029224900616,0.372,"emm",1600,38.376428
37.65413465777,0.497195453798056,0.674999999999997,"iid",1600,38.376428
37.4884032138616,0.603503026973369,0.359999999999999,"emm",1600,38.376428
38.2873571993348,0.502213780967219,0.656000000000006,"iid",1600,38.376428
37.4157866692718,0.635099555316072,0.361000000000004,"emm",1600,38.376428
38.4260016079274,0.508729314262338,0.673000000000002,"iid",1600,38.376428
38.3919187210923,0.556834873659877,0.375,"emm",1600,38.376428
39.10537193717,0.50832142998017,0.680999999999997,"iid",1600,38.376428
38.1763496870115,0.746797570941064,0.355999999999995,"emm",1600,38.376428
38.1514898496699,0.509925964880447,0.674999999999997,"iid",1600,38.376428
37.8169521313288,0.686669289655003,0.372,"emm",1600,38.376428
38.6536953045806,0.499482372122029,0.682000000000002,"iid",1600,38.376428
37.1840892869886,0.755335273459272,0.371000000000009,"emm",1600,38.376428
39.3930286293254,0.516089746631711,0.691999999999993,"iid",1600,38.376428
39.6353213087325,0.581239067832798,0.375,"emm",1600,38.376428
40.2249733791697,0.535760302082912,0.691000000000003,"iid",1600,38.376428
39.7308505526414,0.621905748611941,0.376000000000005,"emm",1600,38.376428
39.2346442290259,0.504399799850364,0.684000000000012,"iid",1600,38.376428
38.5139656020527,0.627878033372448,0.372,"emm",1600,38.376428
37.587700237562,0.511696452425019,0.677000000000007,"iid",1600,38.376428
37.6183539851445,0.941414116772742,0.35799999999999,"emm",1600,38.376428
39.0870388909417,0.519663729063347,0.663000000000011,"iid",1600,38.376428
39.9099909596324,0.615249719453252,0.373999999999995,"emm",1600,38.376428
38.540557397951,0.511554850058696,0.668999999999997,"iid",1600,38.376428
38.5091951240334,0.575250379104448,0.364000000000004,"emm",1600,38.376428
37.7646075145013,0.498937745931386,0.671999999999997,"iid",1600,38.376428
37.2864673734937,0.566218695074366,0.370000000000005,"emm",1600,38.376428
38.0636075303097,0.513804732718351,0.677000000000007,"iid",1600,38.376428
38.2405257081405,0.553953026753162,0.379999999999995,"emm",1600,38.376428
38.8691373937185,0.508399472280946,0.677999999999997,"iid",1600,38.376428
35.6415908777818,1.21174408959664,0.363,"emm",1600,38.376428
38.6360713634741,0.506429002740219,0.704999999999998,"iid",1600,38.376428
38.1509134823828,0.648584918457247,0.378,"emm",1600,38.376428
38.2459237796351,0.505638127346581,0.678000000000011,"iid",1600,38.376428
38.7547572619081,0.683623373308032,0.37299999999999,"emm",1600,38.376428
38.704732553512,0.51565616281167,0.669000000000011,"iid",1600,38.376428
38.3758904205653,0.594670303256617,0.384,"emm",1600,38.376428
37.8699401262231,0.502006130882749,0.670000000000002,"iid",1600,38.376428
37.8294243875784,0.637699130517838,0.361999999999995,"emm",1600,38.376428
38.5128498864635,0.497054707306191,0.659999999999997,"iid",1600,38.376428
38.5711801180851,0.532006899865821,0.369999999999976,"emm",1600,38.376428
38.5849694506461,0.546977362036996,0.674999999999983,"iid",1600,38.376428
38.697539438517,0.529502567807721,0.371999999999986,"emm",1600,38.376428
38.7096540974643,0.508182178905329,0.670000000000016,"iid",1600,38.376428
37.8517738828256,0.596802475299586,0.37700000000001,"emm",1600,38.376428
38.79473267116,0.511903168865869,0.681000000000012,"iid",1600,38.376428
38.5852228375874,0.70909138163285,0.369,"emm",1600,38.376428
38.4387250104358,0.505587597203031,0.685000000000002,"iid",1600,38.376428
38.0485963210399,0.549945538584467,0.375,"emm",1600,38.376428
38.791556871428,0.502827408007483,0.686000000000007,"iid",1600,38.376428
39.0955550302878,0.586708624702991,0.370000000000005,"emm",1600,38.376428
38.5677335461316,0.49830110430177,0.685000000000002,"iid",1600,38.376428
37.6218632890654,0.643458830465303,0.379999999999995,"emm",1600,38.376428
39.2512557438634,0.531234098375379,0.679000000000002,"iid",1600,38.376428
39.7496499682049,0.557575441690157,0.385999999999996,"emm",1600,38.376428
38.6446287937134,0.507239679592112,0.662999999999982,"iid",1600,38.376428
38.4383167054481,0.590412556006491,0.373999999999995,"emm",1600,38.376428
38.2353211230101,0.507343731824352,0.669999999999987,"iid",1600,38.376428
37.6464548204065,0.76712325863348,0.367999999999995,"emm",1600,38.376428
38.4538024966496,0.508955873892338,0.667000000000002,"iid",1600,38.376428
39.1542047596926,0.649966172922096,0.363,"emm",1600,38.376428
38.3484683937424,0.513118640806724,0.676000000000016,"iid",1600,38.376428
38.2633073483156,0.567532026998735,0.367000000000019,"emm",1600,38.376428
38.277141039852,0.510853202558378,0.679000000000002,"iid",1600,38.376428
39.0965397160679,0.612320766286737,0.371000000000009,"emm",1600,38.376428
38.3820658730059,0.552815825459319,0.681000000000012,"iid",1600,38.376428
37.5334609337711,1.09284345066695,0.364000000000004,"emm",1600,38.376428
37.5357634224876,0.522591533139717,0.686000000000007,"iid",1600,38.376428
37.5722403313112,0.842913011195757,0.371000000000009,"emm",1600,38.376428
38.6212633134439,0.508078161846005,0.669000000000011,"iid",1600,38.376428
38.4488761415572,0.594774494450121,0.376000000000005,"emm",1600,38.376428
37.7554519565457,0.511235811435294,0.680000000000007,"iid",1600,38.376428
38.488953013042,0.777934904909598,0.37299999999999,"emm",1600,38.376428
39.2490397040077,0.526536356093117,0.671999999999997,"iid",1600,38.376428
39.0705581206984,0.572629581339203,0.365000000000009,"emm",1600,38.376428
38.2725315184376,0.499112222534141,0.670000000000016,"iid",1600,38.376428
37.0824171429073,0.807767783901001,0.361999999999995,"emm",1600,38.376428
38.0820784456308,0.51339265232935,0.671000000000021,"iid",1600,38.376428
37.7132005939727,0.742980720072753,0.362000000000023,"emm",1600,38.376428
38.2911597382021,0.499024374402147,0.680999999999983,"iid",1600,38.376428
38.7221525917158,0.624169360147433,0.37299999999999,"emm",1600,38.376428
37.7137388514859,0.513844562918378,0.686000000000007,"iid",1600,38.376428
37.9161360123521,0.577875427897951,0.365999999999985,"emm",1600,38.376428
38.2110452687742,0.514629342711028,0.680999999999983,"iid",1600,38.376428
38.2198426207101,0.5699751523989,0.369,"emm",1600,38.376428
37.1820299111488,0.498327042799724,0.683999999999997,"iid",1600,38.376428
38.0965615013506,0.656013902111868,0.365000000000009,"emm",1600,38.376428
38.3147319303666,0.50626781205822,0.694999999999993,"iid",1600,38.376428
37.845425949855,0.554056287250277,0.365000000000009,"emm",1600,38.376428
37.4092280550182,0.498844512471607,0.668000000000006,"iid",1600,38.376428
36.4046139003413,0.911189540325378,0.371000000000009,"emm",1600,38.376428
38.2307175585039,0.49557657000275,0.671000000000021,"iid",1600,38.376428
37.7068913692485,0.607132263630815,0.35899999999998,"emm",1600,38.376428
38.4009525070351,0.526063518360633,0.665999999999997,"iid",1600,38.376428
37.8440256917087,0.730062605815626,0.359999999999985,"emm",1600,38.376428
38.3419599170485,0.502043748716101,0.674999999999983,"iid",1600,38.376428
38.7239884634292,0.526957849438994,0.355999999999995,"emm",1600,38.376428
38.1436569021143,0.49826695540689,0.673999999999978,"iid",1600,38.376428
37.14810903726,0.914901672733792,0.367000000000019,"emm",1600,38.376428
37.8342254938519,0.548986547058504,0.682999999999993,"iid",1600,38.376428
37.5935510098549,0.990424428174337,0.371000000000009,"emm",1600,38.376428
38.5662356974943,0.528134865424534,0.682999999999993,"iid",1600,38.376428
39.0204795026651,0.617319046651177,0.370000000000005,"emm",1600,38.376428
38.3872540796068,0.505926812031728,0.676999999999992,"iid",1600,38.376428
38.3031141167187,0.565211517337444,0.460999999999984,"emm",1600,38.376428
37.7283832776556,0.494058230345743,0.685000000000002,"iid",1600,38.376428
37.9564312744859,0.558022059134623,0.373999999999995,"emm",1600,38.376428
38.1344384748163,0.503271780027323,0.661999999999978,"iid",1600,38.376428
36.6097531884972,1.08669447035313,0.365999999999985,"emm",1600,38.376428
37.7752623665687,0.502114089002819,0.668000000000006,"iid",1600,38.376428
37.5215139038668,0.70473986412753,0.355000000000018,"emm",1600,38.376428
38.4006097984386,0.506533159731425,0.672000000000025,"iid",1600,38.376428
39.1778912269625,0.747580986599553,0.36699999999999,"emm",1600,38.376428
37.7695875219318,0.498592112421385,0.675000000000011,"iid",1600,38.376428
37.7728432256269,0.568808637617176,0.360000000000014,"emm",1600,38.376428
38.0074746517224,0.514546875982923,0.673999999999978,"iid",1600,38.376428
38.1578313983184,0.567686563896148,0.367999999999995,"emm",1600,38.376428
38.081352607441,0.511633751510887,0.682000000000016,"iid",1600,38.376428
37.9151976180621,0.592647228472993,0.377999999999986,"emm",1600,38.376428
37.662960761555,0.498812330024117,0.683999999999997,"iid",1600,38.376428
37.1605160676256,0.691565200546223,0.37700000000001,"emm",1600,38.376428
38.3792675952403,0.640405878879168,0.680000000000007,"iid",1600,38.376428
38.3469923844761,0.618889873365634,0.364000000000004,"emm",1600,38.376428
38.182418331647,0.50743065688459,0.682000000000016,"iid",1600,38.376428
37.0677851063593,0.651663656380181,0.381,"emm",1600,38.376428
38.1589838447531,0.506273468791416,0.669000000000011,"iid",1600,38.376428
37.7862782041644,0.680913414847734,0.388000000000005,"emm",1600,38.376428
38.3215904847841,0.507052725303112,0.669999999999987,"iid",1600,38.376428
38.4589584497345,0.577193292008276,0.365000000000009,"emm",1600,38.376428
38.5316019177986,0.514223542038089,0.668000000000006,"iid",1600,38.376428
38.2959644789757,0.547963186755588,0.364999999999981,"emm",1600,38.376428
39.0553096513223,0.515051366466011,0.670999999999992,"iid",1600,38.376428
38.9350534384536,0.604514797469839,0.381,"emm",1600,38.376428
37.4088943595773,0.501035585877934,0.675000000000011,"iid",1600,38.376428
36.8617671245639,0.938966345542594,0.372000000000014,"emm",1600,38.376428
37.9629236955819,0.506061813829347,0.682000000000016,"iid",1600,38.376428
37.9345968375232,0.577547398066196,0.373999999999995,"emm",1600,38.376428
38.7887364715824,0.499894045601176,0.670000000000016,"iid",1600,38.376428
38.7991608027053,0.670731127864291,0.37299999999999,"emm",1600,38.376428
37.5412965915089,0.490704279658492,0.685000000000002,"iid",1600,38.376428
37.6874336898525,0.564314054418353,0.370000000000005,"emm",1600,38.376428
38.8741977227464,0.516510509526122,0.683000000000021,"iid",1600,38.376428
38.3763324200848,0.606380043185882,0.375,"emm",1600,38.376428
39.0424614189401,0.516659824641387,0.678000000000026,"iid",1600,38.376428
39.3354512079156,0.585848308194402,0.369999999999976,"emm",1600,38.376428
37.1637520661222,0.502862170347491,0.661000000000001,"iid",1600,38.376428
37.1709460530496,0.572819028167644,0.35499999999999,"emm",1600,38.376428
38.6720099359218,0.513575054109499,0.681000000000012,"iid",1600,38.376428
39.0537003391275,0.78548677778787,0.364999999999981,"emm",1600,38.376428
37.8600163402861,0.521848189928396,0.681999999999988,"iid",1600,38.376428
38.1971390415254,0.597314276964017,0.356999999999999,"emm",1600,38.376428
38.235197771398,0.499244693207858,0.676999999999992,"iid",1600,38.376428
38.8276768570795,0.600378350305972,0.382000000000005,"emm",1600,38.376428
37.4314091861126,0.521719153828426,0.685999999999979,"iid",1600,38.376428
38.1357672706707,0.571596873361428,0.375,"emm",1600,38.376428
38.8552493709861,0.51440757340151,0.683999999999997,"iid",1600,38.376428
39.8226333443709,0.686884160880917,0.369,"emm",1600,38.376428
39.3376280891853,0.513720726639435,0.679999999999978,"iid",1600,38.376428
38.9965471950372,0.595032308170907,0.365999999999985,"emm",1600,38.376428
38.7854728400944,0.527913542350344,0.682999999999993,"iid",1600,38.376428
38.6930711392618,0.620492278859611,0.358000000000004,"emm",1600,38.376428
37.1093797876757,0.502092649554906,0.677000000000021,"iid",1600,38.376428
38.4876264285987,0.72579503841933,0.375,"emm",1600,38.376428
38.1930219241628,0.506716013488681,0.673000000000002,"iid",1600,38.376428
36.9470465263171,0.744348292354805,0.365000000000009,"emm",1600,38.376428
37.309692538157,0.501029728875428,0.680000000000007,"iid",1600,38.376428
36.806122129413,0.604506872410805,0.361000000000018,"emm",1600,38.376428
38.4015409482187,0.512802674484071,0.679000000000002,"iid",1600,38.376428
37.3653754323286,0.706852082153502,0.355999999999995,"emm",1600,38.376428
38.6788765246405,0.52141826846133,0.674000000000007,"iid",1600,38.376428
38.9969941327925,0.626743218970004,0.378999999999991,"emm",1600,38.376428
38.8261615247242,0.509717725740981,0.681999999999988,"iid",1600,38.376428
39.35134928245,0.562130284311211,0.363,"emm",1600,38.376428
38.2911703086879,0.511291848856961,0.683999999999997,"iid",1600,38.376428
37.8946067023701,0.700120115521988,0.356999999999999,"emm",1600,38.376428
39.4915064216248,0.521468417444547,0.683999999999997,"iid",1600,38.376428
39.0715751117887,0.669566005877639,0.370000000000005,"emm",1600,38.376428
37.6293472070681,0.502974001152223,0.689999999999998,"iid",1600,38.376428
38.1190947038529,0.628718166886183,0.36699999999999,"emm",1600,38.376428
37.7604969256423,0.498527746925273,0.676999999999992,"iid",1600,38.376428
37.3431246432139,0.653400477140278,0.370999999999981,"emm",1600,38.376428
37.9260051394809,0.512489990314218,0.670999999999992,"iid",1600,38.376428
37.1612048845145,0.869310635988512,0.342999999999989,"emm",1600,38.376428
39.0981007429587,0.50242479524701,0.667000000000002,"iid",1600,38.376428
38.8600301176267,0.571295050516394,0.380000000000024,"emm",1600,38.376428
38.0354200403187,0.507678566992251,0.675999999999988,"iid",1600,38.376428
38.0861642342225,0.773353035496335,0.370000000000005,"emm",1600,38.376428
38.5709183070915,0.513299844904667,0.669999999999987,"iid",1600,38.376428
38.7216294761089,0.551139284680139,0.391999999999996,"emm",1600,38.376428
39.1185554912029,0.514901198653254,0.673999999999978,"iid",1600,38.376428
39.3549875000049,0.546446256842771,0.370000000000005,"emm",1600,38.376428
38.5877878355476,0.502147293573986,0.683999999999997,"iid",1600,38.376428
37.8572998872196,0.693839543632335,0.378000000000014,"emm",1600,38.376428
39.059109937419,0.507556018459827,0.687000000000012,"iid",1600,38.376428
39.0150100911777,0.568460245493879,0.388000000000005,"emm",1600,38.376428
38.8049445036111,0.516920130206685,0.693000000000012,"iid",1600,38.376428
38.6971105497706,0.552633525317482,0.383999999999986,"emm",1600,38.376428
38.9980501440244,0.510059006441177,0.682999999999993,"iid",1600,38.376428
39.0315292623209,0.717583421329214,0.371999999999986,"emm",1600,38.376428
38.4960297165308,0.513709397790188,0.671999999999997,"iid",1600,38.376428
38.0595222160217,0.655260740017447,0.356999999999999,"emm",1600,38.376428
37.8605491618495,0.491686832459491,0.677999999999997,"iid",1600,38.376428
37.5863608996637,0.576442157768008,0.369,"emm",1600,38.376428
38.5745236283806,0.496934415988851,0.675999999999988,"iid",1600,38.376428
38.7601228694748,0.547670620327433,0.36699999999999,"emm",1600,38.376428
38.0621478350529,0.512699276058969,0.681000000000012,"iid",1600,38.376428
36.4334061493471,0.864392989046438,0.378000000000014,"emm",1600,38.376428
38.702590581248,0.51134656953606,0.675000000000011,"iid",1600,38.376428
38.8103702654169,0.621292839529525,0.379999999999995,"emm",1600,38.376428
38.5954806694903,0.51363703924508,0.686000000000007,"iid",1600,38.376428
37.9710713921671,0.727509366164701,0.37299999999999,"emm",1600,38.376428
37.9454631707398,0.503383838797799,0.685000000000002,"iid",1600,38.376428
37.7520916515218,0.552286736893391,0.367999999999995,"emm",1600,38.376428
39.302031232494,0.528013893331655,0.686000000000007,"iid",1600,38.376428
39.6342449222143,0.612428053255471,0.37299999999999,"emm",1600,38.376428
37.4705142348899,0.51485393198649,0.676999999999992,"iid",1600,38.376428
36.9427589475435,0.604193149622869,0.37299999999999,"emm",1600,38.376428
38.3349447198673,0.528945243947299,0.668000000000006,"iid",1600,38.376428
38.1025668045588,0.60584002259491,0.365999999999985,"emm",1600,38.376428
38.8043045623099,0.50308304486467,0.670999999999992,"iid",1600,38.376428
39.2161096854618,0.527495399894097,0.375,"emm",1600,38.376428
38.5684284554251,0.501463137055416,0.679000000000002,"iid",1600,38.376428
38.0694417394346,0.554818191945068,0.376999999999981,"emm",1600,38.376428
38.5202664181325,0.497193370966476,0.680999999999983,"iid",1600,38.376428
39.034647858144,0.607608027166889,0.381,"emm",1600,38.376428
38.8372828475857,0.517470783783667,0.670999999999992,"iid",1600,38.376428
39.6207453095857,0.967939356101201,0.369,"emm",1600,38.376428
37.3074609085367,0.488900614858631,0.682999999999993,"iid",1600,38.376428
36.7563931827736,0.649533925837455,0.376000000000005,"emm",1600,38.376428
38.8096192081822,0.512663553295302,0.680000000000007,"iid",1600,38.376428
38.1029859473561,0.787125485141058,0.381,"emm",1600,38.376428
38.1015356230794,0.505521196380499,0.669999999999987,"iid",1600,38.376428
38.2815416990629,0.625428740772317,0.365999999999985,"emm",1600,38.376428
38.8602253906295,0.507778542330535,0.673000000000002,"iid",1600,38.376428
38.2206887963329,0.581764259855993,0.367999999999995,"emm",1600,38.376428
37.9790895560894,0.492037100585814,0.684999999999974,"iid",1600,38.376428
37.2523536899216,0.580760571355804,0.376999999999981,"emm",1600,38.376428
38.7374724543589,0.516094691766518,0.682999999999993,"iid",1600,38.376428
38.2684739690449,0.70900395260613,0.358000000000004,"emm",1600,38.376428
38.2046227652963,0.522679606434282,0.660000000000025,"iid",1600,38.376428
38.1103203932288,0.590963009248431,0.350999999999999,"emm",1600,38.376428
38.5691472054226,0.516504934800609,0.675999999999988,"iid",1600,38.376428
38.1806422058063,0.749446014308067,0.365000000000009,"emm",1600,38.376428
38.5684955587743,0.509275514999086,0.674000000000035,"iid",1600,38.376428
38.3519325817131,0.56421068699236,0.371999999999957,"emm",1600,38.376428
38.6064169784805,0.508963491547855,0.692999999999984,"iid",1600,38.376428
38.6202603762646,0.768482536984759,0.360000000000014,"emm",1600,38.376428
38.316280059556,0.510641547789002,0.676999999999964,"iid",1600,38.376428
38.2985423667012,0.571591349747865,0.363,"emm",1600,38.376428
37.9135866741764,0.51194184267574,0.676999999999964,"iid",1600,38.376428
36.8237847828907,0.75171257536968,0.37700000000001,"emm",1600,38.376428
38.4874324132606,0.505318271009068,0.677000000000021,"iid",1600,38.376428
37.4957877741875,0.671397554849128,0.372000000000014,"emm",1600,38.376428
38.4144552526408,0.507432135465949,0.675999999999988,"iid",1600,38.376428
38.0532364408729,0.747943470235283,0.370000000000005,"emm",1600,38.376428
37.8635519631353,0.511172118055838,0.689000000000021,"iid",1600,38.376428
37.9673235916433,0.542781920306143,0.367999999999995,"emm",1600,38.376428
37.7229517876173,0.504839939468505,0.676999999999964,"iid",1600,38.376428
36.9688323057335,0.599154031684753,0.353999999999985,"emm",1600,38.376428
37.6788000336679,0.53399501675249,0.674000000000035,"iid",1600,38.376428
38.1392681465447,0.693070976404426,0.34699999999998,"emm",1600,38.376428
37.4677345614352,0.496797563007095,0.673999999999978,"iid",1600,38.376428
37.3105697847447,0.64873123389776,0.366999999999962,"emm",1600,38.376428
38.010835019921,0.502233418548799,0.677999999999997,"iid",1600,38.376428
36.8516839493093,0.757741163458072,0.370000000000005,"emm",1600,38.376428
38.3116716159121,0.541489010300119,0.680000000000007,"iid",1600,38.376428
38.4810119483892,0.570135804077151,0.384000000000015,"emm",1600,38.376428
38.2349862222035,0.507883917607346,0.677999999999997,"iid",1600,38.376428
37.7350311464009,0.627438506948547,0.368999999999971,"emm",1600,38.376428
38.1617861850731,0.514859578333127,0.685999999999979,"iid",1600,38.376428
38.6591078662872,0.688230098679293,0.371000000000038,"emm",1600,38.376428
37.6960012852116,0.508344382184641,0.689999999999998,"iid",1600,38.376428
37.8985440596223,0.543436150283239,0.372000000000014,"emm",1600,38.376428
39.0281706119596,0.512625431374225,0.678999999999974,"iid",1600,38.376428
38.633530790846,0.642529283367282,0.364000000000033,"emm",1600,38.376428
38.5049241506462,0.489775614928269,0.670000000000016,"iid",1600,38.376428
39.2335365099114,0.552618312661485,0.35899999999998,"emm",1600,38.376428
38.4463327023082,0.511339651554653,0.665999999999997,"iid",1600,38.376428
38.5984084726441,0.685437060296963,0.358000000000004,"emm",1600,38.376428
38.3623690277682,0.506057918426164,0.677000000000021,"iid",1600,38.376428
38.5289915682182,0.582324780296302,0.358000000000004,"emm",1600,38.376428
38.5874720192611,0.50907055405738,0.673000000000002,"iid",1600,38.376428
38.5939904895205,0.554077831740269,0.365999999999985,"emm",1600,38.376428
39.3810220151036,0.514300367822426,0.66700000000003,"iid",1600,38.376428
38.8777891108688,0.584061216428648,0.367999999999995,"emm",1600,38.376428
37.786761449132,0.569146707909119,0.680000000000007,"iid",1600,38.376428
38.3543009896344,0.512943536133888,0.386000000000024,"emm",1600,38.376428
38.7187900601485,0.509159972734002,0.676999999999964,"iid",1600,38.376428
39.1564790387858,0.640151138272987,0.375999999999976,"emm",1600,38.376428
38.7858384604934,0.508691003062782,0.687000000000012,"iid",1600,38.376428
38.153700857476,0.637275814191574,0.365000000000009,"emm",1600,38.376428
37.8710901192311,0.525875222132509,0.68100000000004,"iid",1600,38.376428
37.9593739591614,0.541240605207048,0.382999999999981,"emm",1600,38.376428
38.1555399433852,0.506628060782277,0.671999999999969,"iid",1600,38.376428
38.3680949776939,0.73277727894959,0.357000000000028,"emm",1600,38.376428
38.3280038314273,0.511454003249788,0.658000000000015,"iid",1600,38.376428
38.2078137320671,0.588286092910836,0.355000000000018,"emm",1600,38.376428
38.3256244338495,0.50777910374743,0.701000000000022,"iid",1600,38.376428
38.1066845176877,0.604693016965561,0.37700000000001,"emm",1600,38.376428
38.2218466622739,0.497534890994683,0.677000000000021,"iid",1600,38.376428
38.8066690258645,0.624806451822306,0.37299999999999,"emm",1600,38.376428
39.3076073491614,0.515616381230444,0.680000000000007,"iid",1600,38.376428
38.9811355799365,0.578094276381857,0.372000000000014,"emm",1600,38.376428
38.3842370994216,0.501916447075636,0.672000000000025,"iid",1600,38.376428
37.513810172305,0.723669298722343,0.375999999999976,"emm",1600,38.376428
38.2653762921009,0.501278835191714,0.675999999999988,"iid",1600,38.376428
38.5654866352849,0.690971290481178,0.380999999999972,"emm",1600,38.376428
38.1656137564948,0.503451780448594,0.682999999999993,"iid",1600,38.376428
37.2699920685506,0.727464392281027,0.363,"emm",1600,38.376428
38.3199692679169,0.520773605152587,0.68199999999996,"iid",1600,38.376428
38.4612448317929,0.615270406204654,0.368999999999971,"emm",1600,38.376428
38.8951123264651,0.518512040589954,0.680000000000007,"iid",1600,38.376428
38.4337586063321,0.598353304780377,0.350000000000023,"emm",1600,38.376428
38.8641211969543,0.546387768657112,0.665999999999997,"iid",1600,38.376428
38.2210574105324,0.562105225392429,0.363,"emm",1600,38.376428
37.8987705827837,0.50572497612726,0.672000000000025,"iid",1600,38.376428
37.4575319046462,0.639511425856427,0.375,"emm",1600,38.376428
38.8931197526715,0.518341486641741,0.67900000000003,"iid",1600,38.376428
39.3622340672678,0.619957644590686,0.372000000000014,"emm",1600,38.376428
38.567815882215,0.498894915609286,0.686000000000035,"iid",1600,38.376428
38.1973479496232,0.749998856666523,0.355000000000018,"emm",1600,38.376428
37.572831943626,0.507427406417658,0.67900000000003,"iid",1600,38.376428
37.4004816736923,0.640691167634204,0.367999999999995,"emm",1600,38.376428
38.5495499335171,0.522711168879156,0.673000000000002,"iid",1600,38.376428
38.5765752469491,0.579159570387569,0.369999999999948,"emm",1600,38.376428
37.8588366960665,0.561688994888585,0.684000000000026,"iid",1600,38.376428
36.0252052932543,1.30302938707258,0.360000000000014,"emm",1600,38.376428
38.6326970287342,0.508767276883541,0.685999999999979,"iid",1600,38.376428
38.5614162256803,0.576815264141657,0.373999999999967,"emm",1600,38.376428
39.1288473691207,0.511056701485979,0.683999999999969,"iid",1600,38.376428
39.8887898180955,0.673893726834269,0.363999999999976,"emm",1600,38.376428
38.5591660321306,0.53625165865965,0.658999999999992,"iid",1600,38.376428
38.4695027697477,0.585627521426479,0.365999999999985,"emm",1600,38.376428
38.3403901208234,0.508018160543855,0.670999999999992,"iid",1600,38.376428
38.0417960283923,0.577411774701018,0.360000000000014,"emm",1600,38.376428
38.9298516208537,0.522623790457852,0.676999999999964,"iid",1600,38.376428
39.8143677548703,0.625990984144616,0.350999999999999,"emm",1600,38.376428
38.263145223858,0.508506611722703,0.685999999999979,"iid",1600,38.376428
38.0073788683078,0.625885963181618,0.377999999999986,"emm",1600,38.376428
38.0882943341636,0.492917561560856,0.682999999999993,"iid",1600,38.376428
38.1434219245329,0.56792913393639,0.372000000000014,"emm",1600,38.376428
38.2033165518965,0.503096707261992,0.687000000000012,"iid",1600,38.376428
38.822697636683,0.64640802178973,0.370000000000005,"emm",1600,38.376428
38.2209903969068,0.503343182615735,0.685000000000002,"iid",1600,38.376428
38.5919287984475,0.540613792077132,0.377999999999986,"emm",1600,38.376428
39.3399705956901,0.527269374523662,0.689999999999998,"iid",1600,38.376428
38.3517381365147,0.721670221151289,0.369000000000028,"emm",1600,38.376428
38.0662898562421,0.511000498307738,0.675999999999988,"iid",1600,38.376428
38.3371279537916,0.631432203512506,0.35899999999998,"emm",1600,38.376428
37.8775842610808,0.496081122342105,0.670999999999992,"iid",1600,38.376428
37.7133637434873,0.575274377755807,0.353000000000009,"emm",1600,38.376428
39.666182899454,0.528847891584529,0.674999999999955,"iid",1600,38.376428
38.8692814473769,0.680301719253465,0.36099999999999,"emm",1600,38.376428
37.9604603070866,0.507231539112773,0.670000000000016,"iid",1600,38.376428
37.7918610914143,0.563635680082052,0.358000000000004,"emm",1600,38.376428
38.1652197735203,0.495293691903836,0.673000000000002,"iid",1600,38.376428
38.6920936216524,0.660432982701046,0.47199999999998,"emm",1600,38.376428
37.7545279419196,0.510954576598608,0.677000000000021,"iid",1600,38.376428
37.9218856554113,0.597867059131981,0.365000000000009,"emm",1600,38.376428
39.38506510527,0.532881905391005,0.68100000000004,"iid",1600,38.376428
38.3104068183554,0.755421680419809,0.381999999999948,"emm",1600,38.376428
38.8227644103607,0.5116444022212,0.682000000000016,"iid",1600,38.376428
39.1206470166061,0.627345228452198,0.364000000000033,"emm",1600,38.376428
37.6975402824506,0.501502396464563,0.685000000000002,"iid",1600,38.376428
37.1115111904634,0.606605902413781,0.373999999999967,"emm",1600,38.376428
39.3626618836472,0.507373750673351,0.675000000000011,"iid",1600,38.376428
39.5973365122297,0.54348471772188,0.355999999999995,"emm",1600,38.376428
39.2200314843637,0.511273572463513,0.671999999999969,"iid",1600,38.376428
39.9236442486624,0.588339598578541,0.361000000000047,"emm",1600,38.376428
37.71922214546,0.489160447600935,0.672000000000025,"iid",1600,38.376428
37.9096826036572,0.598973963728039,0.367000000000019,"emm",1600,38.376428
38.626081493713,0.509131827044295,0.670999999999992,"iid",1600,38.376428
38.4006990979561,0.591081281059044,0.35899999999998,"emm",1600,38.376428
38.3358282256697,0.506125009410289,0.675999999999988,"iid",1600,38.376428
37.5891566077239,0.751382734406242,0.370999999999981,"emm",1600,38.376428
37.6270223169151,0.493814108005151,0.673999999999978,"iid",1600,38.376428
37.8050230983154,0.645484828429104,0.367000000000019,"emm",1600,38.376428
38.0720909903801,0.498596755870218,0.682999999999993,"iid",1600,38.376428
38.6955611395196,0.616550867266094,0.379999999999995,"emm",1600,38.376428
38.8419940096643,0.525744688225429,0.683999999999969,"iid",1600,38.376428
39.2722114542944,0.534684647559478,0.364000000000033,"emm",1600,38.376428
38.8901232105681,0.512192916574392,0.688999999999965,"iid",1600,38.376428
39.0548994072255,0.530217704369835,0.366000000000042,"emm",1600,38.376428
38.2903788800328,0.503623894656469,0.682999999999993,"iid",1600,38.376428
37.4143430802963,0.62719596577346,0.365999999999985,"emm",1600,38.376428
39.8451467572216,0.611669933713671,0.669999999999959,"iid",1600,38.376428
40.0617252488079,0.567604778579277,0.36099999999999,"emm",1600,38.376428
38.6269784657849,0.502420348332818,0.66900000000004,"iid",1600,38.376428
37.9503268480645,0.6617487256524,0.369000000000028,"emm",1600,38.376428
38.6565996183031,0.513298519311993,0.675999999999988,"iid",1600,38.376428
38.9626703765325,0.646941375046898,0.355999999999995,"emm",1600,38.376428
37.7130057603532,0.490621597890199,0.680999999999983,"iid",1600,38.376428
37.5035170278434,0.565401849655265,0.368999999999971,"emm",1600,38.376428
38.5431421262639,0.506235981256192,0.680000000000007,"iid",1600,38.376428
39.3403811433757,0.71468183863109,0.365999999999985,"emm",1600,38.376428
38.7863143715584,0.519415478777941,0.680999999999983,"iid",1600,38.376428
38.3712704943175,0.812030852370594,0.379999999999995,"emm",1600,38.376428
38.2553928932521,0.497365917222742,0.674000000000035,"iid",1600,38.376428
36.9853510358645,0.736936005108817,0.374000000000024,"emm",1600,38.376428
37.8643777197257,0.505962431658364,0.677999999999997,"iid",1600,38.376428
37.5017547908453,0.680790428856911,0.365999999999985,"emm",1600,38.376428
38.9873406944098,0.513612512878519,0.691000000000031,"iid",1600,38.376428
38.8697419118842,0.562416926939237,0.363,"emm",1600,38.376428
38.216523983268,0.501592606283052,0.664999999999964,"iid",1600,38.376428
38.4921675853729,0.598593090270287,0.355000000000018,"emm",1600,38.376428
38.2248895528219,0.519361787712886,0.676999999999964,"iid",1600,38.376428
38.533784029869,0.620164909363335,0.353000000000009,"emm",1600,38.376428
38.2576867184198,0.507758808083279,0.680999999999983,"iid",1600,38.376428
38.1636124201229,0.544249094478885,0.363999999999976,"emm",1600,38.376428
38.4785772987717,0.529551363253468,0.677999999999997,"iid",1600,38.376428
37.327336772299,0.63782284400871,0.363999999999976,"emm",1600,38.376428
38.586956669377,0.50046592353053,0.682999999999993,"iid",1600,38.376428
37.1560798840801,0.662509486374342,0.376000000000033,"emm",1600,38.376428
38.782937636822,0.509907314532443,0.680999999999983,"iid",1600,38.376428
38.663622659582,0.551235819424205,0.357000000000028,"emm",1600,38.376428
38.7007240692624,0.508760026445426,0.673000000000002,"iid",1600,38.376428
38.5111558192313,0.584548556887825,0.375,"emm",1600,38.376428
37.6581510676837,0.493874417770838,0.688999999999965,"iid",1600,38.376428
37.0445146392738,0.57016709853271,0.360000000000014,"emm",1600,38.376428
37.8951584480438,0.50824039094292,0.670000000000016,"iid",1600,38.376428
37.1220288092351,0.660035218820001,0.364000000000033,"emm",1600,38.376428
37.5885138407264,0.503951694133057,0.675000000000011,"iid",1600,38.376428
37.5749714913667,0.557014196966027,0.356999999999971,"emm",1600,38.376428
38.004946500711,0.516272650710392,0.676999999999964,"iid",1600,38.376428
37.8388074732223,0.659919627965026,0.365999999999985,"emm",1600,38.376428
38.438085835499,0.519064702527346,0.675999999999988,"iid",1600,38.376428
38.0689595319332,0.583675207196086,0.365999999999985,"emm",1600,38.376428
37.9165967768543,0.504389080137175,0.688000000000045,"iid",1600,38.376428
37.1693175500657,0.739953819305468,0.381000000000029,"emm",1600,38.376428
38.9521286818511,0.525057224415014,0.685000000000002,"iid",1600,38.376428
38.9062041416357,0.550181977472918,0.381000000000029,"emm",1600,38.376428
38.6295805513974,0.508662637728142,0.675999999999988,"iid",1600,38.376428
39.7313198596744,0.628724572436511,0.366999999999962,"emm",1600,38.376428
37.9498951703523,0.527715763453212,0.675999999999988,"iid",1600,38.376428
37.2393038505753,0.843368213248972,0.354999999999961,"emm",1600,38.376428
38.1016816996956,0.505168507277013,0.694000000000017,"iid",1600,38.376428
37.5695592884816,0.610989655209383,0.358000000000004,"emm",1600,38.376428
38.5442527297818,0.504506115031573,0.673000000000002,"iid",1600,38.376428
38.4304838974049,0.546272658761917,0.355999999999995,"emm",1600,38.376428
38.2303893531518,0.50753919324431,0.673999999999978,"iid",1600,38.376428
38.5196393909754,0.591455043058092,0.365999999999985,"emm",1600,38.376428
38.4491830474412,0.500726122261576,0.670999999999992,"iid",1600,38.376428
38.0510890464664,0.571019981041153,0.365000000000009,"emm",1600,38.376428
38.6970015062999,0.623292274730766,0.680999999999983,"iid",1600,38.376428
37.8936320282033,0.843280942727993,0.370999999999981,"emm",1600,38.376428
37.7999729034684,0.504324098679419,0.676999999999964,"iid",1600,38.376428
37.527662989938,0.6050349834817,0.367999999999995,"emm",1600,38.376428
38.9821514414244,0.510983863072553,0.682000000000016,"iid",1600,38.376428
38.9547191336042,0.602404061763522,0.378999999999962,"emm",1600,38.376428
38.7147241890284,0.512139033927867,0.674000000000035,"iid",1600,38.376428
38.4031265345729,0.613396320865821,0.370000000000005,"emm",1600,38.376428
37.9089689403609,0.510313965061956,0.688999999999965,"iid",1600,38.376428
37.9398722495177,0.677599943994462,0.378000000000043,"emm",1600,38.376428
37.9678275730143,0.506221180227096,0.682000000000016,"iid",1600,38.376428
38.3041168075733,0.541792419060015,0.373999999999967,"emm",1600,38.376428
38.6289701599913,0.50574226020195,0.66900000000004,"iid",1600,38.376428
37.3277645509685,1.05688978105924,0.36099999999999,"emm",1600,38.376428
39.0107987812996,0.511296124836216,0.668000000000006,"iid",1600,38.376428
39.026536891686,0.635973632126052,0.370999999999981,"emm",1600,38.376428
37.4579542965629,0.492298266309395,0.668999999999983,"iid",1600,38.376428
37.6381379450752,0.599458698475172,0.361999999999966,"emm",1600,38.376428
38.4443523478119,0.502492651398486,0.670999999999992,"iid",1600,38.376428
38.7608613821985,0.543969159503868,0.369000000000028,"emm",1600,38.376428
37.6744284781857,0.49443794967046,0.680000000000007,"iid",1600,38.376428
38.1541817025508,0.527440212661564,0.37700000000001,"emm",1600,38.376428
38.3070657804842,0.512401667091608,0.680999999999983,"iid",1600,38.376428
38.6689392021505,0.785411152901782,0.37700000000001,"emm",1600,38.376428
38.5786387201787,0.49380354213574,0.675000000000011,"iid",1600,38.376428
38.4255181771724,0.524337242935577,0.37299999999999,"emm",1600,38.376428
38.2056211528616,0.502420320775585,0.683999999999969,"iid",1600,38.376428
38.1349055610346,0.59244911077641,0.376000000000033,"emm",1600,38.376428
37.8369170265162,0.506933333330477,0.694999999999993,"iid",1600,38.376428
37.6022024037971,0.659318679833308,0.373999999999967,"emm",1600,38.376428
38.8650295675419,0.515833247652526,0.666999999999973,"iid",1600,38.376428
38.4835112623396,0.738779836355041,0.356999999999971,"emm",1600,38.376428
38.2611502875197,0.509004861224444,0.668000000000006,"iid",1600,38.376428
38.6517702898128,0.535004807730902,0.369000000000028,"emm",1600,38.376428
39.0497675718368,0.505752036748804,0.672000000000025,"iid",1600,38.376428
37.9323359677299,0.835375097496574,0.365000000000009,"emm",1600,38.376428
38.2113105209876,0.511962763273164,0.666999999999973,"iid",1600,38.376428
38.3855743315006,0.583988532153727,0.381000000000029,"emm",1600,38.376428
38.7694689414189,0.498424220187436,0.687000000000012,"iid",1600,38.376428
38.5994236052653,0.678745991512515,0.375,"emm",1600,38.376428
37.9139712717589,0.489038499111301,0.686000000000035,"iid",1600,38.376428
37.8100137038902,0.596263208131203,0.367000000000019,"emm",1600,38.376428
38.0111171655057,0.50412865607442,0.675999999999988,"iid",1600,38.376428
37.8213843809147,0.625277701317031,0.369000000000028,"emm",1600,38.376428
37.904192272223,0.497931271831873,0.677999999999997,"iid",1600,38.376428
38.0240259014979,0.566125618119766,0.375,"emm",1600,38.376428
39.8780982882237,0.526235897701253,0.689999999999998,"iid",1600,38.376428
39.6302528521098,0.599986493549782,0.375,"emm",1600,38.376428
38.783434017537,0.518715541710396,0.675000000000011,"iid",1600,38.376428
37.7610260935767,0.896825592627661,0.358000000000004,"emm",1600,38.376428
38.7283709281637,0.50618411244469,0.675999999999988,"iid",1600,38.376428
38.4442344218993,0.566823047498892,0.350000000000023,"emm",1600,38.376428
38.4422473259541,0.501619471337522,0.673000000000002,"iid",1600,38.376428
38.4217959861924,0.520235594841562,0.375,"emm",1600,38.376428
38.8009816568133,0.516746524193538,0.680999999999983,"iid",1600,38.376428
38.9749752142107,0.558564930496875,0.365000000000009,"emm",1600,38.376428
38.6343810853005,0.504384976744368,0.69399999999996,"iid",1600,38.376428
38.9507247713323,0.562226730291334,0.365000000000009,"emm",1600,38.376428
38.2472141456482,0.536513732203299,0.680000000000007,"iid",1600,38.376428
38.7396578860734,0.551833015344318,0.37299999999999,"emm",1600,38.376428
38.5963010325566,0.506866848032096,0.682999999999993,"iid",1600,38.376428
38.2736666479636,0.669800785437814,0.362000000000023,"emm",1600,38.376428
39.1457922748505,0.521431213430161,0.678999999999974,"iid",1600,38.376428
36.8002873141408,1.17256299555848,0.37299999999999,"emm",1600,38.376428
39.3525271244768,0.512865615052628,0.689000000000021,"iid",1600,38.376428
39.2013829704193,0.554298342433509,0.367999999999995,"emm",1600,38.376428
38.6466310684922,0.508063688514715,0.665999999999997,"iid",1600,38.376428
38.1656763247551,0.578941535118428,0.34899999999999,"emm",1600,38.376428
37.9480694671718,0.51400674415175,0.663000000000011,"iid",1600,38.376428
37.6045002125218,0.562228911543005,0.368999999999971,"emm",1600,38.376428
38.3216757610298,0.507724629676215,0.669999999999959,"iid",1600,38.376428
38.5851773176517,0.563091172134848,0.365000000000009,"emm",1600,38.376428
38.4854810827811,0.512292791726352,0.68100000000004,"iid",1600,38.376428
38.2923692074769,0.611395268715989,0.366999999999962,"emm",1600,38.376428
38.1145650387544,0.510291314735406,0.689000000000021,"iid",1600,38.376428
37.4494840070982,0.633194674731589,0.370999999999981,"emm",1600,38.376428
38.1048154210674,0.506510539355803,0.686999999999955,"iid",1600,38.376428
36.6900778868681,0.881521697001874,0.365999999999985,"emm",1600,38.376428
37.9274931388561,0.502464285352249,0.687000000000012,"iid",1600,38.376428
38.0908836094646,0.543704710040211,0.366000000000042,"emm",1600,38.376428
38.3431210976665,0.50049458175027,0.683999999999969,"iid",1600,38.376428
36.9678281282039,0.735457899063901,0.373999999999967,"emm",1600,38.376428
39.0012327019286,0.509477483798653,0.680999999999983,"iid",1600,38.376428
38.7194947492531,0.659752646014458,0.377999999999986,"emm",1600,38.376428
38.4583750611395,0.51313997224597,0.673000000000002,"iid",1600,38.376428
38.2540219606296,0.626889807543931,0.366000000000042,"emm",1600,38.376428
38.3881823982066,0.504442519862195,0.674999999999955,"iid",1600,38.376428
37.4856312464859,0.69764934465154,0.374000000000024,"emm",1600,38.376428
37.6621134120829,0.499619528029969,0.677000000000021,"iid",1600,38.376428
37.418100744522,0.626315754141201,0.368999999999971,"emm",1600,38.376428
38.1447662415538,0.489686033420763,0.665999999999997,"iid",1600,38.376428
38.6633005440932,0.592021506551166,0.365999999999985,"emm",1600,38.376428
38.138141723308,0.498971087170883,0.675999999999988,"iid",1600,38.376428
37.4068588517742,0.621017194074077,0.366000000000042,"emm",1600,38.376428
36.9834853405191,0.487220232168668,0.680999999999983,"iid",1600,38.376428
37.0858704703647,0.617029934266097,0.370999999999981,"emm",1600,38.376428
37.7386809427764,0.515362389146168,0.677000000000021,"iid",1600,38.376428
38.4140219040337,0.578914029918929,0.379000000000019,"emm",1600,38.376428
39.2358180213071,0.518539195628257,0.689999999999998,"iid",1600,38.376428
39.1050353814199,0.548461454314753,0.379999999999995,"emm",1600,38.376428
38.4395810366069,0.497457890541008,0.682999999999993,"iid",1600,38.376428
39.0067340949407,0.59645652654411,0.374000000000024,"emm",1600,38.376428
37.3893609603367,0.520951894241427,0.669999999999959,"iid",1600,38.376428
37.4856310629999,0.566591843245003,0.35899999999998,"emm",1600,38.376428
37.4375872840275,0.514459533067648,0.665999999999997,"iid",1600,38.376428
38.1565679927633,0.692333427751758,0.355999999999995,"emm",1600,38.376428
38.8286335095276,0.500338075205782,0.673000000000002,"iid",1600,38.376428
39.0077883392458,0.79732736009079,0.365000000000009,"emm",1600,38.376428
38.2692088377383,0.500849442014077,0.66700000000003,"iid",1600,38.376428
38.1440065423877,0.614452146490849,0.370999999999981,"emm",1600,38.376428
38.2684440724456,0.507966128942798,0.682999999999993,"iid",1600,38.376428
37.6787728263821,0.684231438628574,0.384000000000015,"emm",1600,38.376428
38.9573361026776,0.510949025850396,0.665999999999997,"iid",1600,38.376428
38.7901552425637,0.616798395107834,0.369999999999948,"emm",1600,38.376428
38.7464494710744,0.503342310050749,0.680000000000007,"iid",1600,38.376428
38.4735559216677,0.539008635756916,0.381000000000029,"emm",1600,38.376428
38.8276296010928,0.541233321022777,0.69599999999997,"iid",1600,38.376428
38.8624284112741,0.58292311924659,0.375,"emm",1600,38.376428
39.159318305777,0.50068186059958,0.682000000000016,"iid",1600,38.376428
38.5816665727173,0.700450330395859,0.374000000000024,"emm",1600,38.376428
37.6002853969511,0.502569729727176,0.666999999999973,"iid",1600,38.376428
37.7372997341696,0.691573371171446,0.361000000000047,"emm",1600,38.376428
39.7984984541455,0.52291119511616,0.675000000000011,"iid",1600,38.376428
39.566854893883,0.784657276538046,0.355000000000018,"emm",1600,38.376428
38.9893317989475,0.506423497970382,0.680999999999983,"iid",1600,38.376428
37.8702838170055,0.977639158610867,0.358000000000004,"emm",1600,38.376428
37.7147361459017,0.491802234811825,0.677999999999997,"iid",1600,38.376428
37.3354932132099,0.691177378650349,0.370999999999981,"emm",1600,38.376428
38.5524621412494,0.503611814836789,0.687999999999988,"iid",1600,38.376428
38.4502318830769,0.560777939560576,0.379000000000019,"emm",1600,38.376428
37.8579408518361,0.491637606583492,0.665999999999997,"iid",1600,38.376428
37.6999430503289,0.585905237441385,0.371000000000038,"emm",1600,38.376428
37.8213625209117,0.513228528240712,0.68100000000004,"iid",1600,38.376428
37.4274037564854,0.666895606625177,0.367999999999995,"emm",1600,38.376428
38.9404881207281,0.512082542479749,0.689000000000021,"iid",1600,38.376428
38.8884359395576,0.607453607557826,0.376999999999953,"emm",1600,38.376428
38.2165221534879,0.509676730464282,0.682000000000016,"iid",1600,38.376428
37.2782798072393,0.628144394402245,0.36099999999999,"emm",1600,38.376428
38.5737297581005,0.515502312063038,0.678999999999974,"iid",1600,38.376428
38.7733508337336,0.620794556253477,0.34699999999998,"emm",1600,38.376428
38.0406022907923,0.503963122714668,0.671999999999969,"iid",1600,38.376428
38.0798088449468,0.629744651393673,0.360000000000014,"emm",1600,38.376428
38.8729597638018,0.514710284978199,0.676999999999964,"iid",1600,38.376428
38.2014364582331,0.722091864684322,0.367000000000019,"emm",1600,38.376428
37.7375890869365,0.506333225132668,0.684000000000026,"iid",1600,38.376428
37.6274254969861,0.561332733407661,0.373000000000047,"emm",1600,38.376428
38.1052742446428,0.511950990574122,0.692000000000007,"iid",1600,38.376428
37.4360287536153,0.830332051550508,0.360000000000014,"emm",1600,38.376428
37.6200014941427,0.496983962864405,0.675999999999988,"iid",1600,38.376428
36.4813649767555,0.599295357502406,0.368999999999971,"emm",1600,38.376428
38.0628951929231,0.503960930184534,0.686000000000035,"iid",1600,38.376428
38.5545909750974,0.713145638091146,0.367999999999995,"emm",1600,38.376428
39.1378704471788,0.511885733395078,0.687999999999988,"iid",1600,38.376428
38.7779859898474,0.605039375977448,0.364000000000033,"emm",1600,38.376428
37.4807278183108,0.510579193470772,0.685000000000002,"iid",1600,38.376428
37.8886794005928,0.766673336736793,0.367000000000019,"emm",1600,38.376428
38.0532847284128,0.500079083994973,0.677000000000021,"iid",1600,38.376428
37.1751329057159,0.665208988090288,0.353000000000009,"emm",1600,38.376428
37.9149800747287,0.501619959023992,0.67900000000003,"iid",1600,38.376428
37.8092449645335,0.561983630275615,0.358000000000004,"emm",1600,38.376428
39.0443747863626,0.503119794188542,0.677000000000021,"iid",1600,38.376428
37.6449305400135,0.965192406969877,0.36099999999999,"emm",1600,38.376428
38.5615405044887,0.505142765613111,0.686000000000035,"iid",1600,38.376428
39.168616849563,0.606575805431271,0.362000000000023,"emm",1600,38.376428
38.2217166886818,0.507535378547372,0.687000000000012,"iid",1600,38.376428
37.9484262611457,0.624889541753935,0.47399999999999,"emm",1600,38.376428
39.3439140635894,0.510173719307302,0.680000000000007,"iid",1600,38.376428
37.9146725021832,0.692736578020005,0.377999999999986,"emm",1600,38.376428
37.7655784898,0.499454222786307,0.669999999999959,"iid",1600,38.376428
37.3507682838873,0.591906812173256,0.376000000000033,"emm",1600,38.376428
38.9109908671393,0.508773166287678,0.690999999999974,"iid",1600,38.376428
39.4457997996213,0.567714296229758,0.386000000000024,"emm",1600,38.376428
38.3605060169078,0.504114767018908,0.683999999999969,"iid",1600,38.376428
37.7656378839075,0.548254992022694,0.37299999999999,"emm",1600,38.376428
38.3888906192987,0.506639060399655,0.673000000000002,"iid",1600,38.376428
38.3472196848971,0.590773181374622,0.376999999999953,"emm",1600,38.376428
38.1892809174334,0.507502794032715,0.677999999999997,"iid",1600,38.376428
38.2223521006276,0.649307664344581,0.360000000000014,"emm",1600,38.376428
38.2173724422345,0.50369807049541,0.670999999999992,"iid",1600,38.376428
37.7452875627911,0.750520003692907,0.365000000000009,"emm",1600,38.376428
38.1640780668676,0.532204921990043,0.673000000000002,"iid",1600,38.376428
37.8183220656698,0.662165935076767,0.371000000000038,"emm",1600,38.376428
37.3304095408924,0.526232909166442,0.677000000000021,"iid",1600,38.376428
37.5158760490077,0.540035624924047,0.375999999999976,"emm",1600,38.376428
38.7966136081982,0.510624404931283,0.678999999999974,"iid",1600,38.376428
38.8769807809441,0.550815233451893,0.382999999999981,"emm",1600,38.376428
38.4619774028877,0.522572381116156,0.66700000000003,"iid",1600,38.376428
38.5197381884818,0.570194888308635,0.365999999999985,"emm",1600,38.376428
38.7683523706561,0.504487239907149,0.685000000000002,"iid",1600,38.376428
38.2114770232096,0.570908161631016,0.37700000000001,"emm",1600,38.376428
38.7857040121994,0.514905282507688,0.68100000000004,"iid",1600,38.376428
39.4143777811826,0.63092938648054,0.368999999999971,"emm",1600,38.376428
38.4996870647018,0.534793195624585,0.677999999999997,"iid",1600,38.376428
38.9152090198339,0.641833158234579,0.379999999999995,"emm",1600,38.376428
38.3513687529315,0.505823528539479,0.670999999999992,"iid",1600,38.376428
37.194518105959,0.651040743505884,0.370999999999981,"emm",1600,38.376428
38.9880820674838,0.515279660314634,0.685999999999979,"iid",1600,38.376428
39.1115391795301,0.584618553509697,0.368999999999971,"emm",1600,38.376428
38.6194522025585,0.510388100884656,0.671999999999969,"iid",1600,38.376428
38.3177916107098,0.545819499166444,0.356999999999971,"emm",1600,38.376428
38.4052272406417,0.508494705012448,0.668999999999983,"iid",1600,38.376428
38.5809932827108,0.567136080044889,0.369000000000028,"emm",1600,38.376428
38.3634257684994,0.497010989618199,0.675999999999988,"iid",1600,38.376428
38.0664835646094,0.579269881607666,0.370000000000005,"emm",1600,38.376428
38.7465062459484,0.501156699258223,0.671999999999969,"iid",1600,38.376428
37.500956176304,1.30965834492089,0.37299999999999,"emm",1600,38.376428
38.4090258032065,0.505015164744346,0.678999999999974,"iid",1600,38.376428
38.762775586801,0.626080520573178,0.369000000000028,"emm",1600,38.376428
38.6434754355474,0.502397905212639,0.684999999999945,"iid",1600,38.376428
38.7729179155698,0.549127308445361,0.355999999999995,"emm",1600,38.376428
38.5088094519442,0.49312231180574,0.683999999999969,"iid",1600,38.376428
39.3819726525851,0.642968839240171,0.354000000000042,"emm",1600,38.376428
39.0431067315468,0.503876538431723,0.684000000000083,"iid",1600,38.376428
38.1920121180572,0.68824321371441,0.377999999999929,"emm",1600,38.376428
38.0983043219548,0.504063472858964,0.686000000000035,"iid",1600,38.376428
38.0316378728629,0.552305576339748,0.357999999999947,"emm",1600,38.376428
38.3412822013032,0.508112525798237,0.669999999999959,"iid",1600,38.376428
38.0774663209009,0.657805311600112,0.348999999999933,"emm",1600,38.376428
38.5616521268902,0.506351013647696,0.668000000000006,"iid",1600,38.376428
39.0994852617925,0.731616458339306,0.36099999999999,"emm",1600,38.376428
38.3177427438612,0.502283981623903,0.676000000000045,"iid",1600,38.376428
38.2117569304651,0.616736852432487,0.363000000000056,"emm",1600,38.376428
38.4073067347829,0.496292663208944,0.680000000000064,"iid",1600,38.376428
38.3676343885193,0.680377294225525,0.365000000000009,"emm",1600,38.376428
38.2354196560896,0.536002257413484,0.69500000000005,"iid",1600,38.376428
39.2520829723111,0.591887707805773,0.365999999999985,"emm",1600,38.376428
37.7258429471349,0.511796114951563,0.676999999999907,"iid",1600,38.376428
38.0023986079651,0.560224250363465,0.367000000000075,"emm",1600,38.376428
38.8064065899112,0.506084940694254,0.677999999999997,"iid",1600,38.376428
38.8694137499834,0.594342950939723,0.375,"emm",1600,38.376428
37.6795034682802,0.515396073639587,0.673000000000002,"iid",1600,38.376428
37.6984688930174,0.750321553597552,0.370000000000005,"emm",1600,38.376428
37.3762907410215,0.500618520772135,0.687999999999988,"iid",1600,38.376428
36.6228259423493,0.753888453977366,0.352999999999952,"emm",1600,38.376428
38.3551764174293,0.500174057562215,0.668000000000006,"iid",1600,38.376428
38.4447850811197,0.591864360212177,0.349000000000046,"emm",1600,38.376428
38.9379559394654,0.516606690064777,0.675999999999931,"iid",1600,38.376428
39.0430522776065,0.563068692601297,0.373000000000047,"emm",1600,38.376428
38.3899965377957,0.515413931936086,0.673000000000002,"iid",1600,38.376428
38.2455075506505,0.560865006422864,0.36099999999999,"emm",1600,38.376428
38.3183242275069,0.501969060156916,0.68100000000004,"iid",1600,38.376428
38.0463448233579,0.690131442338581,0.365999999999985,"emm",1600,38.376428
38.855162528537,0.512810954039924,0.680999999999926,"iid",1600,38.376428
36.8558580724232,1.0937037627717,0.37600000000009,"emm",1600,38.376428
39.3758656388983,0.51696172958529,0.673999999999978,"iid",1600,38.376428
39.6801911443221,0.614962713919309,0.365000000000009,"emm",1600,38.376428
38.5922134934875,0.506104673420119,0.673000000000002,"iid",1600,38.376428
39.3712816316315,0.795576797733719,0.369000000000028,"emm",1600,38.376428
38.9819728323228,0.510845265689059,0.68100000000004,"iid",1600,38.376428
38.8894560160849,0.614693084061925,0.365000000000009,"emm",1600,38.376428
38.7374299811651,0.527378408795532,0.687000000000012,"iid",1600,38.376428
38.6787504322814,0.657724889949527,0.365999999999985,"emm",1600,38.376428
38.3753270536127,0.504887720769345,0.668999999999983,"iid",1600,38.376428
37.988416780193,0.650431535623783,0.359000000000037,"emm",1600,38.376428
38.5421769962453,0.503587501435179,0.663999999999987,"iid",1600,38.376428
38.1565442072593,0.594124932431482,0.365000000000009,"emm",1600,38.376428
38.2689979163699,0.50822540894465,0.662000000000035,"iid",1600,38.376428
38.8312826169568,0.588734589634162,0.370000000000005,"emm",1600,38.376428
38.2020910702362,0.512247499175883,0.687999999999988,"iid",1600,38.376428
37.7422142998561,0.828142380684729,0.368000000000052,"emm",1600,38.376428
39.3432259756021,0.516315818661895,0.677999999999997,"iid",1600,38.376428
38.7646990480334,0.61293603500764,0.384000000000015,"emm",1600,38.376428
38.7307701581842,0.506719028577249,0.68100000000004,"iid",1600,38.376428
38.4522684856252,0.576770007972841,0.371000000000095,"emm",1600,38.376428
38.233134180971,0.499629546967312,0.686000000000035,"iid",1600,38.376428
37.551675933805,0.569597139735363,0.380999999999972,"emm",1600,38.376428
37.8278324266586,0.501577857968568,0.66599999999994,"iid",1600,38.376428
38.0693891932779,0.544164999690812,0.383000000000038,"emm",1600,38.376428
37.8547368208396,0.494872356103021,0.68100000000004,"iid",1600,38.376428
37.9441553276462,0.548294788346627,0.354000000000042,"emm",1600,38.376428
38.4872178955294,0.505210928295094,0.671000000000049,"iid",1600,38.376428
38.1161134712704,0.619319262410875,0.367000000000075,"emm",1600,38.376428
38.0411894418653,0.520360857808828,0.658999999999992,"iid",1600,38.376428
38.4037336734317,0.628681239761954,0.371999999999957,"emm",1600,38.376428
38.2066600737603,0.510302047638802,0.668999999999983,"iid",1600,38.376428
37.9751834595472,0.581010623727184,0.367999999999938,"emm",1600,38.376428
38.1348696543885,0.50216138176288,0.680000000000064,"iid",1600,38.376428
37.7525550526102,0.618217032191616,0.377999999999929,"emm",1600,38.376428
37.8389796979542,0.500909566648512,0.682999999999993,"iid",1600,38.376428
38.3448442491011,0.592208935035943,0.373000000000047,"emm",1600,38.376428
38.5419156650352,0.50134441803477,0.696999999999889,"iid",1600,38.376428
38.0868229956631,0.615600885283967,0.377000000000066,"emm",1600,38.376428
38.8482558640141,0.506249085236852,0.682000000000016,"iid",1600,38.376428
39.5411571252162,0.57449526940782,0.365000000000009,"emm",1600,38.376428
38.5186896100579,0.509646117830203,0.668000000000006,"iid",1600,38.376428
38.1290585817021,0.705243125214468,0.368000000000052,"emm",1600,38.376428
38.5036913630628,0.502790038334751,0.677999999999997,"iid",1600,38.376428
38.7838811343427,0.567021716401615,0.365999999999985,"emm",1600,38.376428
39.2245424121988,0.522143513081558,0.669000000000096,"iid",1600,38.376428
39.1238359442329,0.706692518492914,0.365000000000009,"emm",1600,38.376428
38.4193301196424,0.511262305239869,0.658999999999992,"iid",1600,38.376428
38.3795331785685,0.915582565334056,0.37399999999991,"emm",1600,38.376428
37.8415307481045,0.506516444668375,0.669999999999959,"iid",1600,38.376428
37.6783458089407,0.768098452622749,0.36099999999999,"emm",1600,38.376428
38.2734599197528,0.51470360695121,0.683999999999969,"iid",1600,38.376428
38.4358379954042,0.544404768373995,0.366000000000099,"emm",1600,38.376428
38.4655531227552,0.49629135367212,0.697000000000003,"iid",1600,38.376428
38.4666659925962,0.537329267260307,0.365000000000009,"emm",1600,38.376428
38.9622026541435,0.52275615686642,0.681999999999903,"iid",1600,38.376428
39.5261966495597,0.641328373017284,0.373000000000047,"emm",1600,38.376428
37.85848024239,0.51505679880906,0.681999999999903,"iid",1600,38.376428
36.0063944701881,0.986685812120198,0.369999999999891,"emm",1600,38.376428
39.1084699705298,0.516414894239066,0.677000000000021,"iid",1600,38.376428
39.1645478323758,0.641072256315218,0.36099999999999,"emm",1600,38.376428
38.5002961275897,0.502504149687411,0.680999999999926,"iid",1600,38.376428
38.081716570063,0.592558393177222,0.350999999999999,"emm",1600,38.376428
38.6928200931124,0.507842517486088,0.668999999999983,"iid",1600,38.376428
38.0517867367815,0.580032187925921,0.368000000000052,"emm",1600,38.376428
38.0093793164667,0.499954141148328,0.672000000000025,"iid",1600,38.376428
38.9039731389834,0.578234542512618,0.358000000000061,"emm",1600,38.376428
39.3070079210677,0.51875971790631,0.677000000000021,"iid",1600,38.376428
39.8233873177734,0.552841019922926,0.372999999999934,"emm",1600,38.376428
37.7651756597802,0.499223609186337,0.682000000000016,"iid",1600,38.376428
38.1523205187305,0.650993064064656,0.359000000000037,"emm",1600,38.376428
37.9506528167256,0.497617709237767,0.694999999999936,"iid",1600,38.376428
37.7970427325837,0.537483085472369,0.363000000000056,"emm",1600,38.376428
37.9687130244165,0.492898925731401,0.687999999999988,"iid",1600,38.376428
37.6156209022905,0.626978487210355,0.364000000000033,"emm",1600,38.376428
38.1245503753702,0.514445595182833,0.680999999999926,"iid",1600,38.376428
37.6365375948704,0.788038066907555,0.370999999999981,"emm",1600,38.376428
38.3168316522646,0.505432156757905,0.685000000000059,"iid",1600,38.376428
39.2778225167399,0.689856791383644,0.368999999999915,"emm",1600,38.376428
38.2440526849936,0.499207639289011,0.682000000000016,"iid",1600,38.376428
38.9597954849799,0.572427304647676,0.353000000000065,"emm",1600,38.376428
37.7282149688006,0.502008422503012,0.668999999999983,"iid",1600,38.376428
37.8382972383297,0.532261715671552,0.360000000000014,"emm",1600,38.376428
38.8035322128615,0.510384906618069,0.674999999999955,"iid",1600,38.376428
38.5223895722867,0.607333784442718,0.358999999999924,"emm",1600,38.376428
38.1966214089238,0.500083214670027,0.669999999999959,"iid",1600,38.376428
37.7383002924454,0.70461104119014,0.36099999999999,"emm",1600,38.376428
38.270560492382,0.500173782865889,0.682999999999993,"iid",1600,38.376428
38.1718460416474,0.537277174293889,0.365000000000009,"emm",1600,38.376428
38.0581304128012,0.519651767589773,0.687999999999988,"iid",1600,38.376428
38.1095132205487,0.589322699891644,0.374000000000024,"emm",1600,38.376428
38.2306675569264,0.501792757113769,0.682000000000016,"iid",1600,38.376428
38.4565609779128,0.587256045840208,0.375,"emm",1600,38.376428
37.2029714063317,0.556479945838237,0.678999999999974,"iid",1600,38.376428
37.7573682366109,0.590706042554433,0.377000000000066,"emm",1600,38.376428
38.4080803933612,0.500592544017577,0.677000000000021,"iid",1600,38.376428
38.5906127789052,0.582012811734514,0.373000000000047,"emm",1600,38.376428
38.2973923642718,0.500410920442467,0.680000000000064,"iid",1600,38.376428
37.3274621557473,1.0411365513093,0.359000000000037,"emm",1600,38.376428
39.0389859286658,0.502927301972577,0.662000000000035,"iid",1600,38.376428
39.4561161419471,0.579197474305112,0.364000000000033,"emm",1600,38.376428
38.3578697712229,0.504243646031259,0.659999999999968,"iid",1600,38.376428
38.1329921211863,0.530602876634861,0.361999999999966,"emm",1600,38.376428
37.8149506209673,0.510645195065134,0.673999999999978,"iid",1600,38.376428
37.7837959357576,0.580570403727833,0.365000000000009,"emm",1600,38.376428
37.6972280312321,0.54238111775838,0.673999999999978,"iid",1600,38.376428
37.3068498413715,0.580820892539154,0.375,"emm",1600,38.376428
38.571626864213,0.499969786567609,0.689999999999941,"iid",1600,38.376428
37.9524186921962,0.709648252818799,0.371000000000095,"emm",1600,38.376428
38.6833888163354,0.534288072668337,0.680000000000064,"iid",1600,38.376428
37.3277829132554,0.751237900835552,0.386999999999944,"emm",1600,38.376428
38.3998219579112,0.507351823947779,0.680999999999926,"iid",1600,38.376428
38.7927702320301,0.549204156197574,0.379999999999995,"emm",1600,38.376428
38.0078168538616,0.507180425460518,0.668000000000006,"iid",1600,38.376428
37.1365798543286,0.857613971257893,0.367000000000075,"emm",1600,38.376428
38.5688654179335,0.511281313173969,0.680000000000064,"iid",1600,38.376428
38.5464726572333,0.600922063606995,0.373000000000047,"emm",1600,38.376428
38.2235048702283,0.50527237193948,0.663999999999987,"iid",1600,38.376428
37.9908585986209,0.570104752712792,0.365000000000009,"emm",1600,38.376428
38.8710335148496,0.524764532813821,0.674999999999955,"iid",1600,38.376428
38.2712010022171,0.752559909425512,0.367999999999938,"emm",1600,38.376428
37.9251244457418,0.502280980148751,0.672000000000025,"iid",1600,38.376428
38.7278532243141,0.707288428331204,0.366999999999962,"emm",1600,38.376428
38.0616182935487,0.506321574722987,0.668000000000006,"iid",1600,38.376428
38.3921319756044,0.535859355859927,0.369000000000028,"emm",1600,38.376428
37.8782296511968,0.500757168700593,0.677999999999997,"iid",1600,38.376428
37.61091709705,0.54672107395909,0.367000000000075,"emm",1600,38.376428
39.0856440357497,0.512191991601671,0.679000000000087,"iid",1600,38.376428
39.0965631770301,0.589412449152011,0.384999999999991,"emm",1600,38.376428
38.6336819668596,0.521083152141618,0.677000000000021,"iid",1600,38.376428
38.5446552317077,0.552611195532503,0.382000000000062,"emm",1600,38.376428
38.170510973104,0.500257755224014,0.672000000000025,"iid",1600,38.376428
37.9781266049227,0.573678351670901,0.371999999999957,"emm",1600,38.376428
38.4867388223748,0.502134152195406,0.68100000000004,"iid",1600,38.376428
38.1375202403312,0.606243327344244,0.369000000000028,"emm",1600,38.376428
38.1721044704461,0.502004901033561,0.66599999999994,"iid",1600,38.376428
38.0974350370916,0.693538041837302,0.367999999999938,"emm",1600,38.376428
37.9601955865859,0.530364103942537,0.669999999999959,"iid",1600,38.376428
38.1246215210433,0.622900680702282,0.365000000000009,"emm",1600,38.376428
38.4180011609645,0.578657654177107,0.678999999999974,"iid",1600,38.376428
38.4276782964975,0.758941366914925,0.358000000000061,"emm",1600,38.376428
38.1092177258302,0.511828750434223,0.696000000000026,"iid",1600,38.376428
37.8192800760373,0.541835252902141,0.382000000000062,"emm",1600,38.376428
39.6928650819211,0.502987280569911,0.692000000000007,"iid",1600,38.376428
39.8314199890418,0.657759231267247,0.357999999999947,"emm",1600,38.376428
38.1849396827412,0.519989671102018,0.676000000000045,"iid",1600,38.376428
38.1441496408985,0.609574046420368,0.370999999999981,"emm",1600,38.376428
38.5532780231302,0.506200675967089,0.671999999999912,"iid",1600,38.376428
38.2536912051945,0.642166059892031,0.361999999999966,"emm",1600,38.376428
38.2898564234694,0.507303659635957,0.682999999999993,"iid",1600,38.376428
38.1735081373618,0.587867928239168,0.365000000000009,"emm",1600,38.376428
38.8182747948438,0.500895535605745,0.677999999999997,"iid",1600,38.376428
38.6260395281984,0.618933996800299,0.36099999999999,"emm",1600,38.376428
38.6148571341398,0.508658712714657,0.672000000000025,"iid",1600,38.376428
39.0106210141521,0.638101348915775,0.36099999999999,"emm",1600,38.376428
37.9717840207141,0.503408481303071,0.674999999999955,"iid",1600,38.376428
37.8571237617931,0.599758542055641,0.360000000000014,"emm",1600,38.376428
